anchorTs,anchorDtUtc,episodes,meanSimilarity,bestThr,bestExpectedOverall,bestCoverage,avgSuggested,avgSuggestedIfConf
1755870375761,2025-08-22 13:46,200,0.9505119999999999,0.9434,8.087456999999999,1.0,8.087456999999999,8.087456999999999
1755905051346,2025-08-22 23:24,200,0.967814,0.9593,6.332313500000001,1.0,6.332313500000001,6.332313500000001
1755939726931,2025-08-23 09:02,200,0.9721445,0.9658,5.738899499999999,1.0,5.738899499999999,5.738899499999999
1755974402516,2025-08-23 18:40,200,0.9479390000000001,0.9355,4.7881815,1.0,4.7881815,4.7881815
1756009078102,2025-08-24 04:17,200,0.870321,0.8527,5.96139,1.0,5.96139,0.29810000000000003
1756043753687,2025-08-24 13:55,200,0.9448145,0.9361,5.432856,1.0,5.432856,5.432856
1756078429272,2025-08-24 23:33,200,0.9442004999999999,0.9357,11.269526500000001,1.0,11.269526500000001,11.269526500000001
1756113104857,2025-08-25 09:11,200,0.970688,0.9651,14.901096,1.0,14.901096,14.901096
1756147780443,2025-08-25 18:49,200,0.967476,0.9615,9.3919935,1.0,9.3919935,9.3919935
1756182456028,2025-08-26 04:27,200,0.9559105000000001,0.9479,10.9624995,1.0,10.9624995,10.9624995
1756217131613,2025-08-26 14:05,200,0.9527195,0.9443,6.328018500000001,1.0,6.328018500000001,6.328018500000001
1756251807199,2025-08-26 23:43,200,0.9105175,0.8952,6.204329500000001,1.0,6.204329500000001,4.5464105
1756286482784,2025-08-27 09:21,200,0.896284,0.8844,5.152696499999999,1.0,5.152696499999999,1.5715875
1756321158369,2025-08-27 18:59,200,0.950044,0.9422,7.3952765,1.0,7.3952765,7.3952765
1756355833954,2025-08-28 04:37,200,0.900693,0.8899,7.030716,1.0,7.030716,2.8996895000000005
1756390509540,2025-08-28 14:15,200,0.945487,0.9386,5.9984105,1.0,5.9984105,5.9984105
1756425185125,2025-08-28 23:53,200,0.917946,0.9074,6.244083000000001,1.0,6.244083000000001,6.244083000000001
1756459860710,2025-08-29 09:31,200,0.9180695,0.9042,10.686850000000002,1.0,10.686850000000002,10.686850000000002
1756494536296,2025-08-29 19:08,200,0.9745570000000001,0.9701,13.734521500000001,1.0,13.734521500000001,13.734521500000001
1756529211881,2025-08-30 04:46,200,0.9764035,0.9722,9.2002295,1.0,9.2002295,9.2002295
1756563887466,2025-08-30 14:24,200,0.9627510000000001,0.9559,6.491088500000001,1.0,6.491088500000001,6.491088500000001
1756598563051,2025-08-31 00:02,200,0.9020655000000002,0.8815,5.2284065,1.0,5.2284065,2.8213410000000003
1756633238637,2025-08-31 09:40,200,0.8978234999999999,0.89,8.886609499999999,1.0,8.886609499999999,2.6592065000000003
1756667914222,2025-08-31 19:18,200,0.8365205,0.8154,6.725786,1.0,6.725786,0.06660049999999998
1756702589807,2025-09-01 04:56,200,0.8903185,0.877,8.2681785,1.0,8.2681785,1.4856795
1756737265393,2025-09-01 14:34,200,0.8275434999999999,0.8042,6.441477500000001,1.0,6.441477500000001,0.09429749999999998
1756771940978,2025-09-02 00:12,200,0.802512,0.7775,5.3465905,1.0,5.3465905,0.0
1756806616563,2025-09-02 09:50,200,0.9062799999999999,0.8964,6.7240845,1.0,6.7240845,5.2760055
1756841292148,2025-09-02 19:28,200,0.9191720000000001,0.9128,7.913000500000001,1.0,7.913000500000001,7.913000500000001
1756875967734,2025-09-03 05:06,200,0.941945,0.9361,8.0170005,1.0,8.0170005,8.0170005
1756910643319,2025-09-03 14:44,200,0.9077015,0.9008,7.8185165,1.0,7.8185165,7.8185165
1756945318904,2025-09-04 00:21,200,0.9138689999999999,0.9054,7.425196000000001,1.0,7.425196000000001,7.425196000000001
1756979994490,2025-09-04 09:59,200,0.8972370000000001,0.879,6.077335499999999,1.0,6.077335499999999,2.3272630000000003
1757014670075,2025-09-04 19:37,200,0.9396074999999999,0.9294,10.813832999999999,1.0,10.813832999999999,10.813832999999999
1757049345660,2025-09-05 05:15,200,0.9342050000000001,0.9237,8.1878305,1.0,8.1878305,8.1878305
1757084021245,2025-09-05 14:53,200,0.9045449999999999,0.893,6.7617745000000005,1.0,6.7617745000000005,3.990541
1757118696831,2025-09-06 00:31,200,0.8846445,0.8709,5.4897015,1.0,5.4897015,0.6875960000000001
1757153372416,2025-09-06 10:09,200,0.8571105,0.8384,6.250627999999999,1.0,6.250627999999999,0.038155
1757188048001,2025-09-06 19:47,200,0.909907,0.8981,5.087264,1.0,5.087264,4.686956
1757222723587,2025-09-07 05:25,200,0.880626,0.8693,6.187247500000001,1.0,6.187247500000001,0.29967550000000004
1757257399172,2025-09-07 15:03,200,0.916593,0.9014,6.0911405,1.0,6.0911405,6.0911405
1757292074757,2025-09-08 00:41,200,0.93794,0.9283,6.2439845,1.0,6.2439845,6.2439845
1757326750342,2025-09-08 10:19,200,0.944862,0.9347,8.245324,1.0,8.245324,8.245324
1757361425928,2025-09-08 19:57,200,0.9600495000000001,0.9533,9.170784000000001,1.0,9.170784000000001,9.170784000000001
1757396101513,2025-09-09 05:35,200,0.9356439999999999,0.9279,5.494073500000001,1.0,5.494073500000001,5.494073500000001
1757430777098,2025-09-09 15:12,200,0.8873405,0.8733,6.813607999999999,1.0,6.813607999999999,0.9465319999999999
1757465452684,2025-09-10 00:50,200,0.8755834999999998,0.8589,6.077752499999999,1.0,6.077752499999999,0.4171345000000001
1757500128269,2025-09-10 10:28,200,0.8615430000000001,0.8414,4.7391735,1.0,4.7391735,0.1278795
1757534803854,2025-09-10 20:06,200,0.9366605,0.9236,6.1511545000000005,1.0,6.1511545000000005,6.1511545000000005
1757569479439,2025-09-11 05:44,200,0.9796385000000001,0.9756,6.738428000000002,1.0,6.738428000000002,6.738428000000002
1757604155025,2025-09-11 15:22,200,0.9722910000000001,0.9677,5.6946075,1.0,5.6946075,5.6946075
1757638830610,2025-09-12 01:00,200,0.9286365,0.9191,10.0697805,1.0,10.0697805,10.0697805
1757673506195,2025-09-12 10:38,200,0.9598405,0.9544,6.5852604999999995,1.0,6.5852604999999995,6.5852604999999995
1757708181781,2025-09-12 20:16,200,0.9497485,0.9412,8.4888365,1.0,8.4888365,8.4888365
1757742857366,2025-09-13 05:54,200,0.9375630000000001,0.9273,7.186651,1.0,7.186651,7.186651
1757777532951,2025-09-13 15:32,200,0.916358,0.9048,5.1162105,1.0,5.1162105,5.1162105
1757812208536,2025-09-14 01:10,200,0.8977295,0.8827,4.516824000000001,1.0,4.516824000000001,1.330052
1757846884122,2025-09-14 10:48,200,0.8251255000000001,0.8086,7.214328,1.0,7.214328,0.0
1757881559707,2025-09-14 20:25,200,0.8359205,0.8215,6.938649000000001,1.0,6.938649000000001,0.0
1757916235292,2025-09-15 06:03,200,0.7841229999999999,0.7606,5.1990295,1.0,5.1990295,0.0
1757950910878,2025-09-15 15:41,200,0.8805160000000001,0.8689,8.9800315,1.0,8.9800315,0.1808895
1757985586463,2025-09-16 01:19,200,0.8495465,0.8352,5.091794999999999,1.0,5.091794999999999,0.018244
1758020262048,2025-09-16 10:57,200,0.8385900000000001,0.822,5.2968245000000005,1.0,5.2968245000000005,0.0
1758054937633,2025-09-16 20:35,200,0.8902205000000001,0.8758,6.7304515,1.0,6.7304515,1.0042215
1758089613219,2025-09-17 06:13,200,0.9601925,0.9551,8.105103,1.0,8.105103,8.105103
1758124288804,2025-09-17 15:51,200,0.9375399999999999,0.9291,5.688165000000001,1.0,5.688165000000001,5.688165000000001
1758158964389,2025-09-18 01:29,200,0.8917585,0.8742,5.617625500000002,1.0,5.617625500000002,1.3470260000000003
1758193639975,2025-09-18 11:07,200,0.9059535,0.8897,5.6817079999999995,1.0,5.6817079999999995,2.7923065000000005
1758228315560,2025-09-18 20:45,200,0.9373715,0.9257,5.5379130000000005,1.0,5.5379130000000005,5.5379130000000005
1758262991145,2025-09-19 06:23,200,0.9529759999999999,0.9465,5.457903000000001,1.0,5.457903000000001,5.457903000000001
1758297666730,2025-09-19 16:01,200,0.9404300000000001,0.9333,12.5433785,1.0,12.5433785,12.5433785
1758332342316,2025-09-20 01:39,200,0.974145,0.9701,13.038618,1.0,13.038618,13.038618
1758367017901,2025-09-20 11:16,200,0.9714489999999999,0.9671,7.092770000000001,1.0,7.092770000000001,7.092770000000001
1758401693486,2025-09-20 20:54,200,0.9399064999999999,0.9312,6.851032,1.0,6.851032,6.851032
1758436369072,2025-09-21 06:32,200,0.8289360000000001,0.8074,6.050976499999999,1.0,6.050976499999999,0.0
1758471044657,2025-09-21 16:10,200,0.8549965,0.8409,7.368532,1.0,7.368532,0.012610999999999999
1758505720242,2025-09-22 01:48,200,0.928395,0.9136,11.0712285,1.0,11.0712285,11.0712285
1758540395827,2025-09-22 11:26,200,0.9744974999999999,0.9687,12.864322999999999,1.0,12.864322999999999,12.864322999999999
1758575071413,2025-09-22 21:04,200,0.9796009999999999,0.9754,8.7762265,1.0,8.7762265,8.7762265
1758609746998,2025-09-23 06:42,200,0.9717034999999999,0.9662,5.8197915,1.0,5.8197915,5.8197915
1758644422583,2025-09-23 16:20,200,0.9166184999999999,0.9002,4.751657,1.0,4.751657,4.751657
1758679098169,2025-09-24 01:58,200,0.8516555,0.8345,7.078029999999999,1.0,7.078029999999999,0.0
1758713773754,2025-09-24 11:36,200,0.84619,0.8231,4.7169695,1.0,4.7169695,0.0875265
1758748449339,2025-09-24 21:14,200,0.9275999999999999,0.9153,5.7787,1.0,5.7787,5.7787
1758783124924,2025-09-25 06:52,200,0.907251,0.8922,6.9176035,1.0,6.9176035,4.775675000000001
1758817800510,2025-09-25 16:30,200,0.9468344999999999,0.9374,8.119078,1.0,8.119078,8.119078
1758852476095,2025-09-26 02:07,200,0.973904,0.9687,11.346036999999999,1.0,11.346036999999999,11.346036999999999
1758887151680,2025-09-26 11:45,200,0.9717834999999999,0.9655,8.1483565,1.0,8.1483565,8.1483565
1758921827266,2025-09-26 21:23,200,0.958819,0.9485,4.9131905,1.0,4.9131905,4.9131905
1758956502851,2025-09-27 07:01,200,0.7472014999999999,0.7105,5.0397110000000005,1.0,5.0397110000000005,0.0
1758991178436,2025-09-27 16:39,200,0.726472,0.7061,6.928540000000001,1.0,6.928540000000001,0.0
1759025854021,2025-09-28 02:17,200,0.7389085,0.7167,4.940471,1.0,4.940471,0.0
1759060529607,2025-09-28 11:55,200,0.7807065,0.76,5.357183,1.0,5.357183,0.0
1759095205192,2025-09-28 21:33,200,0.9627015,0.9544,10.332278,1.0,10.332278,10.332278
1759129880777,2025-09-29 07:11,200,0.981103,0.9772,8.2838925,1.0,8.2838925,8.2838925
1759164556363,2025-09-29 16:49,200,0.977097,0.9715,11.282479499999999,1.0,11.282479499999999,11.282479499999999
1759199231948,2025-09-30 02:27,200,0.9768355,0.9719,7.852656,1.0,7.852656,7.852656
1759233907533,2025-09-30 12:05,200,0.9584010000000001,0.9522,6.066898999999999,1.0,6.066898999999999,6.066898999999999
1759268583118,2025-09-30 21:43,200,0.9166319999999999,0.9036,5.124345,1.0,5.124345,5.124345
1759303258704,2025-10-01 07:20,200,0.888371,0.8668,4.769944,1.0,4.769944,0.779587
1759337934289,2025-10-01 16:58,200,0.9637809999999999,0.9576,6.9139895000000005,1.0,6.9139895000000005,6.9139895000000005
1759372609874,2025-10-02 02:36,200,0.9801375000000001,0.9763,9.140342,1.0,9.140342,9.140342
1759407285459,2025-10-02 12:14,200,0.9801325,0.9758,7.7417945,1.0,7.7417945,7.7417945
1759441961045,2025-10-02 21:52,200,0.9629765,0.9579,9.2349315,1.0,9.2349315,9.2349315
1759476636630,2025-10-03 07:30,200,0.9672660000000001,0.9624,6.4780584999999995,1.0,6.4780584999999995,6.4780584999999995
1759511312215,2025-10-03 17:08,200,0.949963,0.9409,9.087654,1.0,9.087654,9.087654
1759545987801,2025-10-04 02:46,200,0.96244,0.9564,7.546106999999999,1.0,7.546106999999999,7.546106999999999
1759580663386,2025-10-04 12:24,200,0.975687,0.9701,5.353210000000001,1.0,5.353210000000001,5.353210000000001
1759615338971,2025-10-04 22:02,200,0.95125,0.94,4.4285515,1.0,4.4285515,4.4285515
1759650014556,2025-10-05 07:40,200,0.9535509999999999,0.942,7.272394499999999,1.0,7.272394499999999,7.272394499999999
1759684690142,2025-10-05 17:18,200,0.9171575,0.9059,5.397413,1.0,5.397413,5.397413
1759719365727,2025-10-06 02:56,200,0.9044500000000001,0.8897,5.496506500000001,1.0,5.496506500000001,3.0723154999999998
1759754041312,2025-10-06 12:34,200,0.8472515,0.8224,5.4807325,1.0,5.4807325,0.100322
1759788716898,2025-10-06 22:11,200,0.9417205,0.9351,6.618995999999999,1.0,6.618995999999999,6.618995999999999
1759823392483,2025-10-07 07:49,200,0.9401160000000002,0.9316,7.03683,1.0,7.03683,7.03683
1759858068068,2025-10-07 17:27,200,0.9180809999999999,0.9033,9.227874,1.0,9.227874,9.227874
1759892743653,2025-10-08 03:05,200,0.97,0.9649,9.516375,1.0,9.516375,9.516375
1759927419239,2025-10-08 12:43,200,0.961235,0.9552,5.939744000000001,1.0,5.939744000000001,5.939744000000001
1759962094824,2025-10-08 22:21,200,0.9114735,0.8947,5.239428,1.0,5.239428,3.922706
1759996770409,2025-10-09 07:59,200,0.8979980000000001,0.8855,7.06489,1.0,7.06489,2.3126695
1760031445995,2025-10-09 17:37,200,0.8587585,0.8415,8.179116,1.0,8.179116,0.0790385
1760066121580,2025-10-10 03:15,200,0.9052095,0.8948,8.382505000000002,1.0,8.382505000000002,5.328274
1760100797165,2025-10-10 12:53,200,0.888134,0.8757,6.443904,1.0,6.443904,0.7168005
1760135472750,2025-10-10 22:31,200,0.9612774999999999,0.9526,11.334455,1.0,11.334455,11.334455
1760170148336,2025-10-11 08:09,200,0.9832519999999999,0.9792,12.032607,1.0,12.032607,12.032607
1760204823921,2025-10-11 17:47,200,0.9831459999999999,0.9788,7.286292499999999,1.0,7.286292499999999,7.286292499999999
1760239499506,2025-10-12 03:24,200,0.96532,0.9583,5.038191,1.0,5.038191,5.038191
1760274175092,2025-10-12 13:02,200,0.8637035000000001,0.851,6.0603835,1.0,6.0603835,0.048805999999999995
1760308850677,2025-10-12 22:40,200,0.9420545,0.9329,6.7483130000000005,1.0,6.7483130000000005,6.7483130000000005
1760343526262,2025-10-13 08:18,200,0.9756794999999999,0.9717,7.184892,1.0,7.184892,7.184892
1760378201847,2025-10-13 17:56,200,0.9725714999999999,0.9681,4.7462245,1.0,4.7462245,4.7462245
1760412877433,2025-10-14 03:34,200,0.909095,0.897,5.949552,1.0,5.949552,5.148442
1760447553018,2025-10-14 13:12,200,0.9689365000000001,0.9628,11.094645,1.0,11.094645,11.094645
1760482228603,2025-10-14 22:50,200,0.9531399999999999,0.9473,8.109944500000001,1.0,8.109944500000001,8.109944500000001
1760516904189,2025-10-15 08:28,200,0.9454255,0.9367,5.942204,1.0,5.942204,5.942204
1760551579774,2025-10-15 18:06,200,0.8630625000000001,0.8443,7.2078195,1.0,7.2078195,0.23285899999999998
1760586255359,2025-10-16 03:44,200,0.9281489999999999,0.9176,6.7595624999999995,1.0,6.7595624999999995,6.7595624999999995
1760620930944,2025-10-16 13:22,200,0.950647,0.9448,6.666596500000001,1.0,6.666596500000001,6.666596500000001
1760655606530,2025-10-16 23:00,200,0.9557625000000001,0.9485,8.799272,1.0,8.799272,8.799272
1760690282115,2025-10-17 08:38,200,0.9540704999999999,0.9451,12.162413999999998,1.0,12.162413999999998,12.162413999999998
1760724957700,2025-10-17 18:15,200,0.9640485000000001,0.957,9.0006075,1.0,9.0006075,9.0006075
1760759633286,2025-10-18 03:53,200,0.937731,0.9276,6.969759000000002,1.0,6.969759000000002,6.969759000000002
1760794308871,2025-10-18 13:31,200,0.9106165,0.8927,4.2146565,1.0,4.2146565,2.9262105
1760828984456,2025-10-18 23:09,199,0.9442703517587938,0.937,4.808247236180905,1.0,4.808247236180905,4.808247236180905
1760863660041,2025-10-19 08:47,200,0.756853,0.7419,5.7810035,1.0,5.7810035,0.0
1760898335627,2025-10-19 18:25,200,0.9556275,0.9484,10.8018785,1.0,10.8018785,10.8018785
1760933011212,2025-10-20 04:03,200,0.9557680000000001,0.9503,9.851875499999998,1.0,9.851875499999998,9.851875499999998
1760967686797,2025-10-20 13:41,200,0.9727020000000001,0.9673,7.247243500000001,1.0,7.247243500000001,7.247243500000001
1761002362383,2025-10-20 23:19,200,0.9666775,0.961,5.401541,1.0,5.401541,5.401541
1761037037968,2025-10-21 08:57,200,0.9333480000000001,0.915,6.562622,1.0,6.562622,6.562622
1761071713553,2025-10-21 18:35,200,0.8934739999999999,0.8706,6.167144499999999,1.0,6.167144499999999,2.109074
1761106389138,2025-10-22 04:13,200,0.8515785,0.8257,7.1648735000000014,1.0,7.1648735000000014,0.2913545
1761141064724,2025-10-22 13:51,200,0.8630845,0.8407,5.561275499999999,1.0,5.561275499999999,0.46031700000000003
1761175740309,2025-10-22 23:29,200,0.8943000000000001,0.875,4.793016,1.0,4.793016,1.204842
1761210415894,2025-10-23 09:06,200,0.9105814999999999,0.8937,4.853362000000001,1.0,4.853362000000001,3.624234
1761245091480,2025-10-23 18:44,200,0.940054,0.9322,8.195349499999999,1.0,8.195349499999999,8.195349499999999
1761279767065,2025-10-24 04:22,200,0.9488460000000001,0.9435,8.043539,1.0,8.043539,8.043539
1761314442650,2025-10-24 14:00,200,0.9478059999999999,0.9415,8.4431635,1.0,8.4431635,8.4431635
1761349118235,2025-10-24 23:38,200,0.9077745000000002,0.8981,7.1231575,1.0,7.1231575,5.681643
1761383793821,2025-10-25 09:16,199,0.883293969849246,0.8715,6.406818090452262,1.0,6.406818090452262,0.8130603015075377
1761418469406,2025-10-25 18:54,200,0.898609,0.8862,6.651433,1.0,6.651433,2.5122649999999997
1761453144991,2025-10-26 04:32,200,0.949401,0.9431,5.0107445,1.0,5.0107445,5.0107445
1761487820577,2025-10-26 14:10,200,0.958905,0.9493,9.174877,1.0,9.174877,9.174877
1761522496162,2025-10-26 23:48,200,0.975507,0.9703,8.9450535,1.0,8.9450535,8.9450535
1761557171747,2025-10-27 09:26,200,0.9794729999999998,0.975,9.3329595,1.0,9.3329595,9.3329595
1761591847332,2025-10-27 19:04,200,0.9709045000000001,0.9661,6.5739754999999995,1.0,6.5739754999999995,6.5739754999999995
1761626522918,2025-10-28 04:42,200,0.929836,0.9157,5.958426499999999,1.0,5.958426499999999,5.958426499999999
1761661198503,2025-10-28 14:19,200,0.8994960000000001,0.8888,5.776489999999999,1.0,5.776489999999999,2.214556
1761695874088,2025-10-28 23:57,200,0.889281,0.8723,9.671161000000001,1.0,9.671161000000001,1.93779
1761730549674,2025-10-29 09:35,200,0.923632,0.9129,6.794549999999999,1.0,6.794549999999999,6.794549999999999
1761765225259,2025-10-29 19:13,200,0.9411255,0.9315,9.288899,1.0,9.288899,9.288899
1761799900844,2025-10-30 04:51,200,0.949821,0.9415,9.841438,1.0,9.841438,9.841438
1761834576429,2025-10-30 14:29,200,0.951303,0.9443,12.966658,1.0,12.966658,12.966658
1761869252015,2025-10-31 00:07,200,0.956301,0.9514,9.315905,1.0,9.315905,9.315905
1761903927600,2025-10-31 09:45,200,0.91499,0.9037,6.518252000000001,1.0,6.518252000000001,6.518252000000001
1761938603185,2025-10-31 19:23,200,0.8824015,0.8645,4.5622085,1.0,4.5622085,0.7056864999999999
1761973278771,2025-11-01 05:01,200,0.942337,0.9357,5.214933000000001,1.0,5.214933000000001,5.214933000000001
1762007954356,2025-11-01 14:39,200,0.8208699999999999,0.8068,5.738205000000001,1.0,5.738205000000001,0.0
1762042629941,2025-11-02 00:17,200,0.8179805,0.8004,5.70927,1.0,5.70927,0.0
1762077305526,2025-11-02 09:55,200,0.9203905,0.91,8.1375125,1.0,8.1375125,8.1375125
1762111981112,2025-11-02 19:33,200,0.859049,0.8429,5.0701635,1.0,5.0701635,0.010669
1762146656697,2025-11-03 05:10,200,0.9362739999999999,0.9233,10.5011805,1.0,10.5011805,10.5011805
1762181332282,2025-11-03 14:48,200,0.9740549999999999,0.9691,9.877426,1.0,9.877426,9.877426
1762216007868,2025-11-04 00:26,200,0.973742,0.9695,7.665093499999999,1.0,7.665093499999999,7.665093499999999
1762250683453,2025-11-04 10:04,200,0.954427,0.9464,11.358556499999999,1.0,11.358556499999999,11.358556499999999
1762285359038,2025-11-04 19:42,200,0.9657714999999999,0.9597,15.549074500000001,1.0,15.549074500000001,15.549074500000001
1762320034623,2025-11-05 05:20,200,0.9725159999999999,0.9675,8.978665000000001,1.0,8.978665000000001,8.978665000000001
1762354710209,2025-11-05 14:58,200,0.958108,0.9503,6.6920195,1.0,6.6920195,6.6920195
1762389385794,2025-11-06 00:36,200,0.9240945,0.9107,5.8183775,1.0,5.8183775,5.8183775
1762424061379,2025-11-06 10:14,200,0.9632550000000001,0.9586,5.4824995,1.0,5.4824995,5.4824995
1762458736965,2025-11-06 19:52,200,0.9249904999999999,0.9091,6.861351999999999,1.0,6.861351999999999,6.861351999999999
1762493412550,2025-11-07 05:30,200,0.9620355,0.9573,9.2293805,1.0,9.2293805,9.2293805
1762528088135,2025-11-07 15:08,200,0.9479169999999999,0.9406,8.430598,1.0,8.430598,8.430598
1762562763720,2025-11-08 00:46,200,0.8878174999999999,0.8704,6.076678500000001,1.0,6.076678500000001,1.4265255000000001
1762597439306,2025-11-08 10:23,200,0.9104039999999999,0.8978,5.7378465,1.0,5.7378465,4.941304
1762632114891,2025-11-08 20:01,200,0.8951165,0.878,4.5576155,1.0,4.5576155,1.510732
1762666790476,2025-11-09 05:39,200,0.877491,0.8544,5.2294374999999995,1.0,5.2294374999999995,0.66952
1762701466062,2025-11-09 15:17,200,0.879205,0.8602,5.413135,1.0,5.413135,0.4761385
1762736141647,2025-11-10 00:55,200,0.9690335,0.9639,9.160462,1.0,9.160462,9.160462
1762770817232,2025-11-10 10:33,200,0.982712,0.9793,9.436984,1.0,9.436984,9.436984
1762805492817,2025-11-10 20:11,200,0.973758,0.9697,6.927228,1.0,6.927228,6.927228
1762840168403,2025-11-11 05:49,200,0.9279910000000001,0.9192,4.892477,1.0,4.892477,4.892477
1762874843988,2025-11-11 15:27,200,0.902246,0.8932,9.858477500000001,1.0,9.858477500000001,4.795343
1762909519573,2025-11-12 01:05,200,0.9651099999999999,0.9602,13.671569,1.0,13.671569,13.671569
1762944195158,2025-11-12 10:43,200,0.961661,0.9557,7.590598,1.0,7.590598,7.590598
1762978870744,2025-11-12 20:21,200,0.90713,0.8901,8.88728,1.0,8.88728,5.001509500000001
1763013546329,2025-11-13 05:59,200,0.903754,0.8866,5.1618285,1.0,5.1618285,2.2687025
1763048221914,2025-11-13 15:37,200,0.8781259999999999,0.8624,4.93545,1.0,4.93545,0.533699
1763082897500,2025-11-14 01:14,200,0.9346645000000001,0.9236,9.112964,1.0,9.112964,9.112964
1763117573085,2025-11-14 10:52,200,0.965034,0.9587,10.710614,1.0,10.710614,10.710614
1763152248670,2025-11-14 20:30,200,0.9713775,0.9657,9.0005025,1.0,9.0005025,9.0005025
1763186924255,2025-11-15 06:08,200,0.9534209999999999,0.9483,8.6289355,1.0,8.6289355,8.6289355
1763221599841,2025-11-15 15:46,200,0.9308345,0.922,8.206175,1.0,8.206175,8.206175
1763256275426,2025-11-16 01:24,200,0.7862739999999999,0.7618,6.260543,1.0,6.260543,0.0
1763290951011,2025-11-16 11:02,200,0.8618735,0.845,4.8829165,1.0,4.8829165,0.059118000000000004
1763325626597,2025-11-16 20:40,200,0.9342250000000001,0.9236,10.018792999999999,1.0,10.018792999999999,10.018792999999999
1763360302182,2025-11-17 06:18,200,0.9170415,0.9047,6.402018000000001,1.0,6.402018000000001,6.402018000000001
1763394977767,2025-11-17 15:56,200,0.8770670000000002,0.8602,6.0070785,1.0,6.0070785,0.552243
1763429653352,2025-11-18 01:34,200,0.9428025,0.9337,9.5848315,1.0,9.5848315,9.5848315
1763464328938,2025-11-18 11:12,200,0.9680255,0.9625,10.246558,1.0,10.246558,10.246558
1763499004523,2025-11-18 20:50,200,0.952638,0.944,9.8116085,1.0,9.8116085,9.8116085
1763533680108,2025-11-19 06:28,200,0.8608129999999999,0.8387,7.140551,1.0,7.140551,0.3203954999999999
1763568355694,2025-11-19 16:05,200,0.8847069999999999,0.8687,5.892450999999999,1.0,5.892450999999999,0.9431335
1763603031279,2025-11-20 01:43,200,0.896616,0.8818,8.691178500000001,1.0,8.691178500000001,2.926872999999999
1763637706864,2025-11-20 11:21,200,0.8860764999999999,0.8684,6.0575125000000005,1.0,6.0575125000000005,1.2796269999999998
1763672382449,2025-11-20 20:59,200,0.9158335,0.901,8.518154,1.0,8.518154,8.518154
1763707058035,2025-11-21 06:37,200,0.9593084999999999,0.9512,8.279373,1.0,8.279373,8.279373
1763741733620,2025-11-21 16:15,200,0.9760635000000001,0.971,9.054502499999998,1.0,9.054502499999998,9.054502499999998
1763776409205,2025-11-22 01:53,200,0.95745,0.9493,7.445319,1.0,7.445319,7.445319
1763811084791,2025-11-22 11:31,200,0.9145500000000001,0.9027,4.337389000000001,1.0,4.337389000000001,4.337389000000001
1763845760376,2025-11-22 21:09,200,0.8105789999999999,0.7916,4.471821,1.0,4.471821,0.0
1763880435961,2025-11-23 06:47,200,0.9111175,0.901,6.582953,1.0,6.582953,6.582953
1763915111546,2025-11-23 16:25,200,0.9697060000000001,0.9656,7.728923,1.0,7.728923,7.728923
1763949787132,2025-11-24 02:03,200,0.9718535,0.9674,8.7007905,1.0,8.7007905,8.7007905
1763984462717,2025-11-24 11:41,200,0.9298165,0.921,7.3535185,1.0,7.3535185,7.3535185
1764019138302,2025-11-24 21:18,200,0.8964279999999999,0.8787,6.4495325,1.0,6.4495325,2.582343
1764053813888,2025-11-25 06:56,200,0.9052840000000001,0.8907,6.1257285,1.0,6.1257285,3.6114795
1764088489473,2025-11-25 16:34,200,0.891716,0.8749,5.1143245,1.0,5.1143245,1.073294
1764123165058,2025-11-26 02:12,200,0.8901195,0.8668,4.617477,1.0,4.617477,1.3576605000000002
1764157840643,2025-11-26 11:50,200,0.899799,0.89,6.240873000000001,1.0,6.240873000000001,2.0377224999999997
1764192516229,2025-11-26 21:28,200,0.934743,0.9198,7.523619,1.0,7.523619,7.523619
1764227191814,2025-11-27 07:06,200,0.9764325,0.9715,7.104876000000001,1.0,7.104876000000001,7.104876000000001
1764261867399,2025-11-27 16:44,200,0.9772905000000001,0.9726,5.564977,1.0,5.564977,5.564977
1764296542985,2025-11-28 02:22,199,0.9668045226130653,0.9589,4.715775879396985,1.0,4.715775879396985,4.715775879396985
1764331218570,2025-11-28 12:00,200,0.864367,0.8515,5.973389500000001,1.0,5.973389500000001,0.11008350000000001
1764365894155,2025-11-28 21:38,200,0.7761545,0.749,5.6583695,1.0,5.6583695,0.0
1764400569740,2025-11-29 07:16,200,0.864717,0.8493,6.381132500000001,1.0,6.381132500000001,0.119049
1764435245326,2025-11-29 16:54,200,0.886194,0.8729,5.169656500000001,1.0,5.169656500000001,0.517386
1764469920911,2025-11-30 02:32,200,0.9022579999999999,0.8873,5.258925999999999,1.0,5.258925999999999,2.3539995
1764504596496,2025-11-30 12:09,200,0.8753584999999999,0.8642,5.833768,1.0,5.833768,0.15787700000000002
1764539272082,2025-11-30 21:47,200,0.9451635,0.94,7.242655999999999,1.0,7.242655999999999,7.242655999999999
1764573947667,2025-12-01 07:25,200,0.968502,0.9593,9.0099655,1.0,9.0099655,9.0099655
1764608623252,2025-12-01 17:03,200,0.978948,0.974,7.6437965,1.0,7.6437965,7.6437965
1764643298837,2025-12-02 02:41,200,0.9756605,0.9693,6.7820785,1.0,6.7820785,6.7820785
1764677974423,2025-12-02 12:19,200,0.9145194999999999,0.8969,6.294781,1.0,6.294781,5.3472170000000006
1764712650008,2025-12-02 21:57,200,0.9690604999999999,0.9634,6.9737625,1.0,6.9737625,6.9737625
1764747325593,2025-12-03 07:35,200,0.983244,0.9799,8.866527,1.0,8.866527,8.866527
1764782001179,2025-12-03 17:13,200,0.9813725,0.9769,6.0853695,1.0,6.0853695,6.0853695
1764816676764,2025-12-04 02:51,200,0.955921,0.9465,5.1704835000000005,1.0,5.1704835000000005,5.1704835000000005
1764851352349,2025-12-04 12:29,200,0.893383,0.8797,5.1601835000000005,1.0,5.1601835000000005,1.4518849999999999
1764886027934,2025-12-04 22:07,200,0.872456,0.8595,7.206131500000001,1.0,7.206131500000001,0.204031
1764920703520,2025-12-05 07:45,200,0.918434,0.9112,7.330782500000001,1.0,7.330782500000001,7.330782500000001
1764955379105,2025-12-05 17:22,200,0.9564345,0.9495,13.001594,1.0,13.001594,13.001594
1764990054690,2025-12-06 03:00,200,0.9764195000000001,0.9725,9.0815535,1.0,9.0815535,9.0815535
1765024730276,2025-12-06 12:38,200,0.976178,0.9716,6.7661525000000005,1.0,6.7661525000000005,6.7661525000000005
1765059405861,2025-12-06 22:16,200,0.9446235000000001,0.9348,5.179165,1.0,5.179165,5.179165
1765094081446,2025-12-07 07:54,200,0.8407335,0.8276,5.967547,1.0,5.967547,0.0
1765128757031,2025-12-07 17:32,200,0.789145,0.757,5.9460215,1.0,5.9460215,0.0
1765163432617,2025-12-08 03:10,200,0.9059585,0.8952,5.774256,1.0,5.774256,3.469647
1765198108202,2025-12-08 12:48,200,0.9504785000000001,0.9447,7.8533925,1.0,7.8533925,7.8533925
1765232783787,2025-12-08 22:26,200,0.906061,0.8952,6.9349940000000005,1.0,6.9349940000000005,4.448961499999999
1765267459373,2025-12-09 08:04,200,0.864701,0.8496,5.4336785,1.0,5.4336785,0.023807000000000002
1765302134958,2025-12-09 17:42,200,0.8902064999999999,0.8687,6.430967000000001,1.0,6.430967000000001,1.662805
1765336810543,2025-12-10 03:20,200,0.9415955000000001,0.9329,5.398533500000001,1.0,5.398533500000001,5.398533500000001
1765371486128,2025-12-10 12:58,200,0.9501725000000001,0.941,4.977354500000001,1.0,4.977354500000001,4.977354500000001
1765406161714,2025-12-10 22:36,200,0.919779,0.9023,4.5069729999999995,1.0,4.5069729999999995,4.5069729999999995
1765440837299,2025-12-11 08:13,200,0.9550695,0.9473,8.905146,1.0,8.905146,8.905146
1765475512884,2025-12-11 17:51,200,0.9763504999999999,0.9719,6.682873999999999,1.0,6.682873999999999,6.682873999999999
1765510188470,2025-12-12 03:29,200,0.922414,0.9056,5.344520500000001,1.0,5.344520500000001,5.344520500000001
1765544864055,2025-12-12 13:07,200,0.9432745,0.9336,5.8581845,1.0,5.8581845,5.8581845
1765579539640,2025-12-12 22:45,200,0.9241055,0.91,5.4029324999999995,1.0,5.4029324999999995,5.4029324999999995
1765614215225,2025-12-13 08:23,200,0.9315425,0.9211,5.801315999999999,1.0,5.801315999999999,5.801315999999999
1765648890811,2025-12-13 18:01,200,0.9681155,0.9585,4.036647,1.0,4.036647,4.036647
1765683566396,2025-12-14 03:39,200,0.9056184999999999,0.8773,3.984285,1.0,3.984285,1.8409449999999998
1765718241981,2025-12-14 13:17,200,0.9325380000000001,0.9199,9.629729,1.0,9.629729,9.629729
1765752917567,2025-12-14 22:55,200,0.9776355,0.972,11.2845815,1.0,11.2845815,11.2845815
1765787593152,2025-12-15 08:33,200,0.9440169999999999,0.935,7.1633130000000005,1.0,7.1633130000000005,7.1633130000000005
1765822268737,2025-12-15 18:11,200,0.9270609999999999,0.9136,9.081521,1.0,9.081521,9.081521
1765856944322,2025-12-16 03:49,200,0.965903,0.9585,8.893441000000001,1.0,8.893441000000001,8.893441000000001
1765891619908,2025-12-16 13:26,200,0.967091,0.9596,5.869368000000001,1.0,5.869368000000001,5.869368000000001
1765926295493,2025-12-16 23:04,200,0.944875,0.9306,5.853777,1.0,5.853777,5.853777
1765960971078,2025-12-17 08:42,200,0.9394215,0.9319,6.418236500000001,1.0,6.418236500000001,6.418236500000001
1765995646664,2025-12-17 18:20,200,0.828103,0.8129,6.338865000000001,1.0,6.338865000000001,0.0
1766030322249,2025-12-18 03:58,200,0.850468,0.8366,6.2584979999999995,1.0,6.2584979999999995,0.041526999999999994
1766064997834,2025-12-18 13:36,200,0.8231575000000001,0.8057,6.4556025,1.0,6.4556025,0.0
1766099673419,2025-12-18 23:14,200,0.8296549999999999,0.8077,7.318423,1.0,7.318423,0.0
1766134349005,2025-12-19 08:52,200,0.8379445000000001,0.8115,6.0484735,1.0,6.0484735,0.1665635
1766169024590,2025-12-19 18:30,199,0.8689979899497486,0.8506,5.462674874371859,1.0,5.462674874371859,0.313686432160804
1766203700175,2025-12-20 04:08,199,0.903059798994975,0.8866,4.809202512562814,1.0,4.809202512562814,2.369111557788945
1766238375761,2025-12-20 13:46,198,0.9589459595959597,0.9515,4.969104545454546,1.0,4.969104545454546,4.969104545454546
